Epoch,Discriminator Loss,Generator Loss
0,0.5847777128219604,0.6773629188537598
10,0.3780367374420166,1.6995360851287842
